Unnamed: 0,date,temp,prec,sun,snow,humi,temp_s,prec_s,sun_s,snow_s,humi_s,Broc
0,2022/1/1,-5.449999999999999,4.1875,0.45,6.571428571428571,85.4,1.0331989159885913,3.823753881985607,0.3937003937005905,3.4550687402713134,41.442543056622384,765
1,2022/1/2,-0.3875,6.625,4.1,6.571428571428571,81.8,1.0658769863356654,3.62068708949006,1.0618380290797649,3.960744879438715,39.93882040070788,765
2,2022/1/3,-2.7625,2.0625,2.6625,3.142857142857143,74.4,0.5475799028452377,1.2854352375751958,3.268003021724429,2.436698586202241,36.43487340447336,765
3,2022/1/4,-4.325,4.75,1.2625,9.857142857142858,85.8,0.5332682251925386,2.7950849718747373,1.4220913296972173,6.343057228182637,41.54496810685983,765
4,2022/1/5,-3.1375000000000006,4.375,5.2625,6.857142857142857,86.8,1.3142845011640365,7.197004585242391,3.258426575818458,8.558621384311845,42.42272386351447,765
5,2022/1/6,-2.5,0.0625,6.625000000000001,0.4285714285714285,83.0,1.3133925536563698,0.1653594569415369,1.827395687857449,0.4841229182759271,40.42102639716117,765
6,2022/1/7,-1.9625,10.9375,0.8125,15.428571428571429,90.4,0.8230089610690761,7.178254923726239,0.8521113483577132,7.123903424387503,43.846322536787504,765
7,2022/1/8,-0.475,0.75,2.8125,0.8571428571428571,81.2,0.8856494791959175,0.82915619758885,2.250243042428973,1.6393596310755,39.55613100392909,765
8,2022/1/9,0.8125,4.5,0.6875,2.2857142857142856,88.0,0.4675401052316261,4.0155946010522525,0.7253232038202003,2.5,42.83106349368411,765
9,2022/1/10,-1.4,0.5,5.9125,0.4285714285714285,81.2,0.65,0.8660254037844386,1.8509710289466983,0.9921567416492216,39.4422045529912,765
10,2022/1/11,-0.2375,7.0625,0.0,0.0,87.4,0.7482270711488592,3.96419522097487,0.0,0.0,42.43211490133387,765
11,2022/1/12,0.2625,9.5,1.6375,10.285714285714286,85.0,0.4211220131980754,5.70087712549569,1.5523671440738496,4.743416490252569,41.28691530012868,765
12,2022/1/13,-1.4375,2.125,2.55,3.7142857142857135,80.0,0.4846067993745032,2.161452058223823,2.4015619917045656,3.960744879438715,39.179076048319466,765
13,2022/1/14,-1.15,3.75,3.225,6.571428571428571,82.8,0.5979130371550699,4.879805323985784,2.3434749838647733,5.782516753110189,40.48070528041724,765
14,2022/1/15,0.3875,1.0625,0.8875,1.8571428571428568,75.4,0.3887077951366553,1.9754350786598884,1.6435004563431064,2.2878756522153907,36.68595610039351,765
15,2022/1/16,-0.225,1.3125,0.0,0.2857142857142857,86.0,0.6417748826496719,1.6571341979453564,0.0,0.4330127018922193,41.89197417167159,765
16,2022/1/17,-0.2875,2.625,5.4,3.857142857142857,75.2,0.4807221130757352,2.218529918662356,2.054872258803452,3.119995993587171,36.63673020344474,765
17,2022/1/18,-3.0125,2.5,5.7125,4.0,82.6,0.8417801078666565,4.00780488547035,3.486917514080309,4.847679857416329,40.88684843565226,765
18,2022/1/19,-1.4125,1.125,6.3125,1.4285714285714286,84.6,0.8267972847076845,2.132340263653997,1.2383835229847011,2.0463381929681126,41.46817303667959,765
19,2022/1/20,-2.0500000000000003,5.0625,2.0,6.285714285714286,90.2,0.7937253933193771,6.875852219906999,1.6401219466856725,7.648529270389178,43.8033603163045,765
20,2022/1/21,-1.675,0.4375,5.612500000000001,0.8571428571428571,76.4,0.5847007781763249,1.1575161985907585,0.8358192089202066,1.299038105676658,37.11047695732298,765
21,2022/1/22,-0.25,1.0625,1.7625,2.0,76.8,0.4242640687119285,1.3331705629813464,1.1957607411183897,1.984313483298443,37.33965720249719,765
22,2022/1/23,-0.075,3.3125,3.6625,6.285714285714286,78.6,0.7275816105427625,1.836053852696048,0.8045767520877048,2.692582403567252,38.40389791414408,765
23,2022/1/24,-0.6000000000000001,3.8125,0.7500000000000001,4.857142857142857,87.4,0.8470537173048709,2.4358969087381346,0.5634713834792322,4.054318685056714,42.505698147424894,765
24,2022/1/25,-0.3374999999999999,0.0,0.0625,0.0,80.6,0.8275528684017717,0.0,0.1316956719106592,0.0,39.2330775621796,765
25,2022/1/26,-0.8,0.0,1.2625000000000002,0.1428571428571428,83.6,0.7858116822750856,0.0,1.3303547459230565,0.3307189138830738,40.67170392299786,765
26,2022/1/27,-0.5499999999999999,7.1875,4.45,11.428571428571429,84.8,0.4821825380496478,10.099311548318529,2.281446909309967,13.228756555322953,41.400483088968905,765
27,2022/1/28,-1.7125,4.75,4.9,5.857142857142857,83.2,0.4985917668794782,5.777110004145672,2.379075450674064,6.6226410894748025,40.82891132518721,765
28,2022/1/29,-2.5250000000000004,2.6875,3.5500000000000003,4.714285714285714,75.6,0.4943429983321297,2.235194342780958,2.360614326822575,5.06057061999929,37.10710848341595,765
29,2022/1/30,-4.499999999999999,2.8125,1.3375,5.285714285714286,79.6,0.4358898943540673,2.276750700010873,1.7535232390818207,3.5333235062756425,38.79674599757047,765
30,2022/1/31,-4.95,2.375,1.5624999999999998,4.571428571428571,81.2,0.6144102863722254,2.117634293262177,1.660525142838855,3.082207001484488,39.486548342441885,765
31,2022/2/1,-3.2625,0.25,3.9375,0.4285714285714285,76.0,1.0061529456300369,0.5,2.687906945933954,0.6959705453537527,36.98986347636336,765
32,2022/2/2,-1.15,0.9375,3.2125,2.2857142857142856,78.4,0.4609772228646444,1.1575161985907585,2.136256948496599,2.6457513110645907,38.30469945058961,765
33,2022/2/3,-2.225,1.75,2.8875,3.7142857142857135,72.8,0.5425633603552676,1.837117307087384,2.518152844844808,3.832427429188973,35.86781286892191,765
34,2022/2/4,-2.8625000000000003,2.6875,3.3625,4.285714285714286,73.6,0.482020487116471,3.976002232142231,1.7747799159332402,5.448623679425842,36.25948151863179,765
35,2022/2/5,-4.2875,1.75,4.35,4.142857142857143,82.2,0.8752678161568607,1.713913650100261,2.492990172463582,3.672107705392096,40.53682739189144,765
36,2022/2/6,-4.0625,3.0,4.275,5.142857142857143,83.0,1.0258380720172169,3.4550687402713134,3.3629414208397983,5.338539126015656,40.85167530224434,765
37,2022/2/7,-3.0,2.3125,3.4624999999999995,5.142857142857143,80.2,0.6103277807866851,3.639518340385167,2.356871602357668,5.852349955359813,39.25378166495555,765
38,2022/2/8,-1.8000000000000005,1.0625,1.175,2.0,78.2,0.3937003937005905,2.1130176880471208,0.8996527107723291,1.920286436967152,38.06060134837599,765
39,2022/2/9,-0.725,0.0,4.1000000000000005,0.1428571428571428,70.2,0.7980444849756184,0.0,2.2693611435820435,0.3307189138830738,34.18492906238069,765
40,2022/2/10,-1.275,0.0,1.25,0.1428571428571428,77.4,0.957535900110278,0.0,1.4017845768876185,0.3307189138830738,37.86468506405408,765
41,2022/2/11,-2.1625,0.0625,4.687499999999999,0.4285714285714285,83.0,0.4357106264483344,0.1653594569415369,3.376550569738294,0.6959705453537527,40.57535428064677,765
42,2022/2/12,-0.5875,0.6875,6.949999999999999,2.0,79.6,0.7801241888314963,0.7880950133074057,0.9000000000000002,0.9682458365518544,38.57055223872222,765
43,2022/2/13,0.325,0.0,3.5875,0.2857142857142857,67.2,0.4437059837324712,0.0,2.2491317769308226,0.4330127018922193,32.78719262151,765
44,2022/2/14,-0.6625,0.5625,4.925000000000001,1.1428571428571428,79.4,0.7034513131695754,0.8454843286542927,2.3004075725836066,0.8660254037844386,38.8617340709341,765
45,2022/2/15,-0.925,1.5,0.7125000000000001,2.4285714285714284,83.8,0.7428828979051814,1.8200274723201293,0.862318821550359,1.8328597873268972,40.981512600195714,765
46,2022/2/16,-0.3,7.9375,1.4,7.714285714285714,88.4,1.2134661099511597,7.286277770576689,1.7109938632268673,5.7608593109014565,43.16465568031326,765
47,2022/2/17,-0.6625000000000001,6.0,2.2125000000000004,4.285714285714286,86.4,0.6362733296312206,9.72753822917186,2.878123303473984,6.339361166552983,42.26405091800832,765
48,2022/2/18,-1.1875,1.1875,3.3625,2.571428571428572,87.8,0.613264828601804,0.9333240326917548,1.7909058462130274,1.984313483298443,42.77977764084334,765
49,2022/2/19,-0.3875,0.0,2.2,0.0,79.6,0.8222492018846841,0.0,0.9886859966642596,0.0,38.854697270729055,765
50,2022/2/20,0.05,0.75,4.375000000000001,3.4285714285714284,75.8,0.4873397172404481,0.9013878188659972,1.0304731922762476,2.449489742783178,36.84405481214032,765
51,2022/2/21,-4.1000000000000005,2.0625,2.875,4.285714285714286,80.8,0.5612486080160912,2.5792137852454187,2.231451321449787,5.09288719686584,39.242833740697165,765
52,2022/2/22,-4.1,5.0625,3.0,8.285714285714286,83.8,0.5244044240850758,5.126143165187644,2.8102490992792792,6.628536791781426,41.10029653177699,765
53,2022/2/23,-2.7,4.9375,2.8375,7.428571428571429,79.4,0.4415880433163923,6.37101591192488,1.6507100744830994,9.273618495495704,39.146958694131015,765
54,2022/2/24,-1.1625,2.1875,2.8625000000000003,3.7142857142857135,73.6,0.4871793817476269,2.4101024355823557,1.8913867267166704,5.673402858955108,36.28015986734347,765
55,2022/2/25,1.1,1.1875,3.6125,1.0,64.4,0.5477225575051661,1.836053852696048,2.274553527618113,1.3635890143294642,31.62969332763124,765
56,2022/2/26,4.1375,3.4375,2.9125,0.2857142857142857,72.8,0.5677532474587883,4.509971590819614,1.5390236352960924,0.6614378277661477,35.450669951356346,765
57,2022/2/27,2.7875,6.875,0.65,1.1428571428571428,77.4,0.6152997237119483,5.278198082679353,0.6144102863722254,1.0,37.62624582655038,765
58,2022/2/28,2.15,0.625,6.8500000000000005,1.1428571428571428,58.8,0.5,0.8926785535678563,2.986218344327822,1.224744871391589,28.66945238402715,765
59,2022/3/1,1.3375,6.25,0.225,0.0,80.8,0.7087621251167419,2.8939592256975564,0.3526683994916471,0.0,39.37638886439436,765
60,2022/3/2,1.9875,0.0,5.0875,0.2857142857142857,66.0,0.5372092236736075,0.0,1.0588171466310885,0.6614378277661477,32.135455497005175,765
61,2022/3/3,0.8375,4.75,1.9125,4.857142857142857,80.4,0.6142831187652807,1.8200274723201293,1.0970842036963253,3.152380053229623,39.251592324388575,765
62,2022/3/4,0.4499999999999999,0.0,8.637500000000001,0.2857142857142857,64.4,0.65,0.0,0.7680128579652816,0.4330127018922193,31.72439912748545,765
63,2022/3/5,0.9625,3.9375,1.6875,1.8571428571428568,78.0,0.5977823600609171,2.3774658252012792,1.6089107340060853,2.2325713874364688,38.23202191880518,765
64,2022/3/6,0.6375000000000001,5.25,2.8125,7.428571428571429,82.2,0.4060095442227929,2.7386127875258306,2.165316085471126,3.8078865529319534,40.168201042615785,765
65,2022/3/7,2.5,0.0625,6.55,0.2857142857142857,71.6,0.4609772228646444,0.1653594569415369,2.287465846739575,0.6614378277661477,34.945493271665235,765
66,2022/3/8,1.825,0.0,9.3125,0.0,65.2,0.6179603547154138,0.0,0.8491723912139396,0.0,31.82275129526044,765
67,2022/3/9,0.9125,0.0,10.2,0.0,69.4,0.5035809269620921,0.0,0.3708099243547832,0.0,33.711783918980025,765
68,2022/3/10,1.85,0.0,10.8625,0.1428571428571428,70.8,0.565685424949238,0.0,0.1653594569415369,0.3307189138830738,34.52444785945171,765
69,2022/3/11,4.9,0.6875,2.2375,0.0,67.6,0.7826237921249264,0.899218410621135,1.1521040534604503,0.0,33.05582399517519,765
70,2022/3/12,4.925000000000001,0.0,10.1625,0.0,58.8,0.6239991987174343,0.0,0.9771610665596536,0.0,28.89095879336648,765
71,2022/3/13,1.9,3.625,0.0,0.2857142857142857,87.6,0.5361902647381804,1.9162137145944864,0.0,0.6614378277661477,42.560985655879726,765
72,2022/3/14,2.9,3.1875,0.925,0.0,89.6,0.8888194417315588,1.9354828209002528,1.416642156650719,0.0,43.74071330008234,765
73,2022/3/15,4.625,7.375,1.775,0.4285714285714285,83.6,0.7206767652699788,3.747916087641237,1.4905955185763842,0.4841229182759271,40.702426217610174,765
74,2022/3/16,4.2875000000000005,0.4375,3.8,0.0,79.8,0.4910129835350589,0.582961190818051,0.8831760866327847,0.0,38.7538304558401,765
75,2022/3/17,2.9,2.875,3.1375,0.2857142857142857,86.2,0.4272001872658765,1.165922381636102,1.698482778835276,0.4330127018922193,41.94173786337424,765
76,2022/3/18,2.2375,4.5625,3.5375,1.5714285714285714,71.6,0.4240798863421843,2.26987747466686,1.7283934013991142,1.3169567191065925,35.00624944206391,765
77,2022/3/19,1.05,22.9375,0.0999999999999999,12.142857142857142,95.6,0.5958187643906492,10.9185550211555,0.229128784747792,8.469614808242461,46.359330236749535,765
78,2022/3/20,2.4375,1.5625,1.9625,0.5714285714285714,83.4,0.5072905971925756,1.2358574958303243,1.2912566553555491,0.7071067811865476,40.60614947270918,765
79,2022/3/21,1.5000000000000002,0.0625,6.0625,0.8571428571428571,62.6,0.552268050859363,0.1653594569415369,3.054070030303824,1.0897247358851685,30.419720166365764,765
80,2022/3/22,1.6375,0.0,7.6875,0.0,57.8,0.8214887400323878,0.0,0.9292974496898182,0.0,28.57200334243296,765
81,2022/3/23,3.2625,0.0,6.362500000000001,0.0,67.2,0.8061288668693114,0.0,0.4922842166878804,0.0,32.95451410656816,765
82,2022/3/24,4.25,1.25,6.4625,0.0,73.0,0.5894913061275798,0.4330127018922193,1.4516692977396746,0.0,35.468075434113985,765
83,2022/3/25,5.5875,0.375,7.75,0.0,70.8,0.7606535019310698,0.649519052838329,1.2479983974348683,0.0,34.29923468533956,765
84,2022/3/26,7.8125,8.1875,0.05,0.0,78.8,1.1428445869845998,1.4347800354061246,0.0707106781186547,0.0,38.66765444140619,765
85,2022/3/27,8.225,0.125,7.9375,0.0,68.0,1.1997395550701828,0.2165063509461096,0.3739568825412898,0.0,33.25657829663178,765
86,2022/3/28,5.312500000000001,2.375,8.887500000000001,0.1428571428571428,62.2,0.518260311040697,0.649519052838329,2.042325573947504,0.3307189138830738,30.287941082219504,765
87,2022/3/29,5.6,0.0,11.8,0.0,54.4,1.065363787633126,0.0,0.1414213562373096,0.0,26.800186566514792,765
88,2022/3/30,8.95,0.0,9.837500000000002,0.0,63.2,1.4941552797483937,0.0,0.5611093921865863,0.0,30.94753625088757,765
89,2022/3/31,4.2625,0.8125,2.9625000000000004,0.0,78.6,0.6203577596838777,0.4960783708246107,1.5651976712223925,0.0,38.80862500785103,765
90,2022/4/1,2.575,0.5,5.2375,0.0,61.4,0.739509972887452,0.75,1.7627659373836335,0.0,30.630611730750665,765
91,2022/4/2,4.0375,0.25,10.0125,0.0,54.2,0.6632071697441154,0.6614378277661477,1.207722546779682,0.0,26.46902671047804,765
92,2022/4/3,4.6625,0.0,12.1,0.0,60.4,0.4922842166878805,0.0,0.1581138830084189,0.0,29.350255535514503,765
93,2022/4/4,6.437499999999999,0.0,6.050000000000001,0.0,73.0,0.689089072616886,0.0,2.038381711063951,0.0,35.661384928238554,765
94,2022/4/5,8.675,0.0,11.749999999999998,0.0,74.0,1.1903255857117412,0.0,0.4472135954999576,0.0,35.88436288970448,765
95,2022/4/6,8.1,0.0,5.487499999999999,0.0,63.2,1.15325625946708,0.0,2.0459945625538696,0.0,30.708305065568176,765
96,2022/4/7,3.375,10.5,7.549999999999999,0.4285714285714285,69.2,0.6552671211040578,6.314665470157545,0.7449832212875671,0.9921567416492216,33.61082414937188,765
97,2022/4/8,4.75,3.75,7.125,0.0,74.8,0.7280109889280518,1.299038105676658,0.9959292143521042,0.0,36.337824645952594,765
98,2022/4/9,11.5875,0.0,11.6125,0.0,48.6,0.7801241888314965,0.0,0.745716936913733,0.0,23.663988991714817,765
99,2022/4/10,12.65,0.0,8.1,0.0,64.6,2.269911892563233,0.0,1.120267825120404,0.0,32.00756746458562,765
100,2022/4/11,17.7,0.0,10.1125,0.0,42.4,1.837117307087384,0.0,0.7096433963618625,0.0,20.663978319771825,765
101,2022/4/12,16.7625,0.0,11.8875,0.0,54.2,1.0734727523323544,0.0,0.208791163606126,0.0,26.43594853603706,765
102,2022/4/13,10.5125,1.0625,0.0999999999999999,0.0,90.0,1.1920963677488494,0.4635124054434789,0.229128784747792,0.0,43.68280554176895,765
103,2022/4/14,5.9875,1.125,0.6125,0.0,84.0,0.9505754835887572,0.960143218483576,0.9905017667828766,0.0,41.20679555607303,765
104,2022/4/15,4.725,7.625,0.0,0.0,90.6,0.9984362773857928,4.695409992748237,0.0,0.0,44.22085904864355,765
105,2022/4/16,6.7,0.4375,8.774999999999999,0.0,69.0,0.529150262212918,0.5266343608235224,0.8104782538723663,0.0,33.65797639490526,765
106,2022/4/17,9.8625,0.0,12.3,0.0,46.0,0.8138450405329014,0.0,0.3708099243547833,0.0,22.38163309501789,765
107,2022/4/18,11.1,0.0625,5.874999999999999,0.0,45.6,1.0368220676663855,0.1653594569415369,0.3992179855667827,0.0,22.522211259110417,765
108,2022/4/19,8.625,0.4375,12.075,0.0,57.6,0.5309190145398822,0.6343057228182637,0.8227241335952168,0.0,28.146935890075135,765
109,2022/4/20,9.8,0.0,12.6625,0.0,49.0,0.8916277250063502,0.0,0.1218349293101121,0.0,24.382050262436916,765
110,2022/4/21,15.8625,0.0,10.5625,0.0,40.8,1.431727540421012,0.0,0.5851014869234226,0.0,20.445048300260872,765
111,2022/4/22,14.3375,0.9375,0.8875000000000001,0.0,72.8,0.6401904013650936,1.2358574958303243,0.5134138194478212,0.0,35.5,765
112,2022/4/23,12.8,0.0625,9.6875,0.0,57.0,1.051189802081432,0.1653594569415369,1.968144748233727,0.0,27.843030995205964,765
113,2022/4/24,12.624999999999998,0.0,11.925,0.0,52.0,1.4515078366994785,0.0,0.443705983732471,0.0,25.6661255354212,765
114,2022/4/25,14.25,0.0,10.962500000000002,0.0,73.8,0.9340770846134704,0.0,2.0548342390567664,0.0,36.28855708071072,765
115,2022/4/26,14.3125,6.4375,0.4875,0.0,82.4,1.7316448105775042,3.0458732327528013,0.8069038046756256,0.0,40.0,765
116,2022/4/27,12.8,0.3125,9.05,0.0,64.8,1.0368220676663862,0.4960783708246107,0.5852349955359815,0.0,31.492062491999476,765
117,2022/4/28,11.2625,0.0,12.35,0.0,50.8,0.5808130077744476,0.0,0.412310562561766,0.0,24.80297361204902,765
118,2022/4/29,6.75,7.875,0.0375,0.0,76.0,0.5590169943749473,6.617920745974524,0.0992156741649221,0.0,37.22566319086874,765
119,2022/4/30,8.674999999999999,0.625,11.925,0.0,63.2,0.6417748826496716,0.8569568250501305,0.3031088913245537,0.0,31.008063467427306,765
120,2022/5/1,9.0375,1.625,0.0,0.0,77.0,0.6263734908183775,1.243734296383275,0.0,0.0,37.92570862884437,765
121,2022/5/2,9.325,0.25,10.1625,0.0,64.8,0.5695392874947262,0.6614378277661477,1.7528102435802912,0.0,31.47220996371243,765
122,2022/5/3,10.1375,1.0,8.95,0.0,63.8,0.640190401365094,1.0897247358851685,1.5272524349301266,0.0,31.13453669159058,765
123,2022/5/4,14.05,0.0,10.275,0.0,59.6,0.6284902544988268,0.0,1.5562374497485916,0.0,28.929872104798527,765
124,2022/5/5,14.0125,0.0,12.5625,0.0,65.6,2.409583729609743,0.0,0.6575285164918704,0.0,32.71467560591118,765
125,2022/5/6,16.162499999999998,0.0,13.3875,0.0,60.4,1.566794099427235,0.0,0.1536025715930563,0.0,30.13614938906429,765
126,2022/5/7,17.4875,4.8125,10.125,0.0,63.2,1.374261165135652,3.896613112691585,1.054454835448157,0.0,30.92733418838423,765
127,2022/5/8,12.1125,0.0625,10.6125,0.0,56.6,0.5797359312652616,0.1653594569415369,1.3651350665776627,0.0,27.536055908571942,765
128,2022/5/9,12.3375,0.0,12.5125,0.0,53.0,0.7398268378478842,0.0,1.334576243606936,0.0,25.973243443975186,765
129,2022/5/10,13.9125,0.0,13.55,0.0,51.6,1.0030422473654834,0.0,0.2236067977499789,0.0,25.533066795823803,765
130,2022/5/11,14.8625,0.0,12.5375,0.0,59.2,1.482344005283524,0.0,0.7614747205259017,0.0,29.46608219631514,765
131,2022/5/12,16.15,0.0,4.75,0.0,74.0,1.348146876271276,0.0,1.502497920131672,0.0,36.38938718912425,765
132,2022/5/13,15.587500000000002,1.5,0.7749999999999999,0.0,86.2,1.8264976731438776,1.854049621773916,0.3897114317029974,0.0,41.99237281935852,765
133,2022/5/14,14.925,0.375,2.3,0.0,82.4,1.0767427733679011,0.2165063509461096,1.7277152543170995,0.0,40.12480529547776,765
134,2022/5/15,12.4,0.9375,5.475,0.0,66.8,0.8154753215150045,0.8454843286542927,2.0698731845212164,0.0,32.53363643984484,765
135,2022/5/16,12.925000000000002,0.0,13.4125,0.0,63.6,0.8785641695402792,0.0,0.2146945504664709,0.0,30.85753554644311,765
136,2022/5/17,13.975,0.0,9.425,0.0,62.0,0.84372685153431,0.0,1.02072278312968,0.0,31.1478329904345,765
137,2022/5/18,14.925,0.0,13.7375,0.0,57.2,0.9996874511566096,0.0,0.0992156741649225,0.0,28.463792790139543,765
138,2022/5/19,15.6625,0.0,4.4,0.0,60.8,1.4823440052835235,0.0,1.0688779163215976,0.0,29.618406439239774,765
139,2022/5/20,16.8625,0.0,10.4125,0.0,68.8,1.1168454458876576,0.0,1.3706180175380738,0.0,33.3878720495931,765
140,2022/5/21,17.25,0.0,8.0125,0.0,63.8,1.8748333259252676,0.0,1.4330365487313996,0.0,31.860781142338617,765
141,2022/5/22,16.075,1.125,1.275,0.0,83.8,0.9079509898667438,1.7275343701356567,1.0556396165358706,0.0,41.045515893943886,765
142,2022/5/23,15.8375,0.0625,5.1125,0.0,81.8,0.529002599237471,0.1653594569415369,2.161849613178493,0.0,39.65929115604564,765
143,2022/5/24,16.8625,0.0,11.2,0.0,77.4,0.5998697775350914,0.0,1.899341991322258,0.0,37.676045108264745,765
144,2022/5/25,18.6875,0.0,13.425,0.0,65.8,1.281051813940404,0.0,0.3344772040064911,0.0,32.13812961265792,765
145,2022/5/26,18.5875,0.0,10.875,0.0,72.4,2.2701528032271305,0.0,0.9175374651751288,0.0,35.39332564199075,765
146,2022/5/27,16.125,18.875,0.75,0.0,92.8,1.1519006033508277,6.35781998801476,0.4609772228646444,0.0,45.00833256187125,765
147,2022/5/28,15.0375,3.8125,4.6,0.0,83.4,0.5998697775350913,3.799156978857283,1.9576771950451888,0.0,40.57535428064677,765
148,2022/5/29,17.075000000000003,0.0625,11.8875,0.0,73.0,1.2636751956100112,0.1653594569415369,2.7158964910320127,0.0,35.92679188293884,765
149,2022/5/30,14.65,0.0,12.499999999999998,0.0,72.8,1.6140012391568974,0.0,1.330413469565007,0.0,35.48943504763072,765
150,2022/5/31,12.8625,9.3125,0.0,0.0,90.8,1.2529340565249236,2.384028890345081,0.0,0.0,44.19205245290153,765
151,2022/6/1,15.7375,1.1875,7.2125,0.0,81.4,0.9082090893621356,0.4960783708246107,1.692954148817977,0.0,39.49188999022458,765
152,2022/6/2,15.3,2.4375,5.8,0.0,85.6,1.1768602295939818,1.6851835953390957,0.8411301920630361,0.0,41.79114738793373,765
153,2022/6/3,13.4875,9.625,1.1375,0.0,92.2,1.4075133214289663,9.8765821517365,1.626297558874144,0.0,44.87465180923413,765
154,2022/6/4,13.2,0.125,2.4250000000000003,0.0,83.4,0.4609772228646445,0.3307189138830738,2.0123058912600738,0.0,40.6092277075051,765
155,2022/6/5,12.6625,0.0,3.3500000000000005,0.0,80.0,1.2092740590949598,0.0,2.346273641330013,0.0,39.10562619368216,765
156,2022/6/6,11.312500000000002,12.0,0.0875,0.0,86.2,1.3448396744593762,5.989574275355469,0.2315032397181516,0.0,42.44831415969308,765
157,2022/6/7,9.925,16.1875,0.075,0.0,90.2,1.1871710070583767,7.403282633399862,0.1391941090707505,0.0,43.98845729279444,765
158,2022/6/8,12.0125,0.0,11.125,0.0,80.6,1.308087821975268,0.0,2.07168409753997,0.0,39.39205979635997,765
159,2022/6/9,13.8875,0.0,10.925,0.0,81.0,1.0576359250706266,0.0,1.4540890619215867,0.0,39.43962949876685,765
160,2022/6/10,15.712500000000002,1.0625,8.862499999999999,0.0,83.4,1.0833253204831876,2.811110768006128,1.8055037385727009,0.0,40.54453569841441,765
161,2022/6/11,16.15,0.0,5.525,0.0,88.8,0.93674969975976,0.0,1.937620963965863,0.0,43.2145808726638,765
162,2022/6/12,15.0875,0.0625,7.775,0.0,83.8,1.0178869043268015,0.1653594569415369,0.9921567416492212,0.0,41.03637867794867,765
163,2022/6/13,14.3375,0.0625,2.2,0.0,83.0,1.5459119476865426,0.1653594569415369,2.782534815595305,0.0,41.04094754023109,765
164,2022/6/14,14.55,0.0,9.1875,0.0,75.6,1.754992877478424,0.0,2.047826591779685,0.0,37.036299761180246,765
165,2022/6/15,15.9375,1.125,1.8125,0.0,83.2,0.7016721100343093,0.4841229182759271,0.8313204857333902,0.0,40.469124033020535,765
166,2022/6/16,19.387500000000003,0.0,3.725,0.0,81.4,0.8680977767509828,0.0,2.344008319097865,0.0,39.76316605855223,765
167,2022/6/17,18.525,0.0,5.05,0.0,86.8,0.8584142356694698,0.0,1.5905973720586863,0.0,42.14780539956974,765
168,2022/6/18,20.4,0.0,13.6625,0.0,76.8,0.9000000000000007,0.0,0.6263734908183777,0.0,37.25587202039432,765
169,2022/6/19,20.4375,2.3125,1.0125,0.0,86.4,1.1021995055342748,1.7842628029525247,1.181564111675706,0.0,42.07433897282285,765
170,2022/6/20,21.4625,0.625,12.5375,0.0,73.8,0.9681651460365636,0.8569568250501305,1.2678106128282725,0.0,36.05356258402213,765
171,2022/6/21,19.175,0.0,13.1625,0.0,79.6,0.8287792227125391,0.0,1.1831499271013797,0.0,38.68704563545787,765
172,2022/6/22,19.2375,0.0,8.35,0.0,82.6,1.373806300029229,0.0,3.9720901298938327,0.0,40.2024175268105,765
173,2022/6/23,19.7125,0.0,3.2875,0.0,85.4,1.4434658811347083,0.0,1.9399983891745889,0.0,41.46365125022156,765
174,2022/6/24,22.825000000000003,5.625,0.0625,0.0,88.6,0.7774155902733106,2.5341418665891617,0.1111024302164448,0.0,43.25487689266957,765
175,2022/6/25,24.7875,0.125,8.425,0.0,74.4,0.5967359131140011,0.2165063509461096,1.1355064949175764,0.0,36.47601951967895,765
176,2022/6/26,25.175,0.6875,9.4125,0.0,73.4,0.848159772684369,1.197327753791751,1.2584092140476404,0.0,35.99457424390515,765
177,2022/6/27,23.5375,2.1875,9.45,0.0,80.4,1.5442939325141445,4.107443700161939,0.5049752469181038,0.0,39.52451770736741,765
178,2022/6/28,22.5125,42.125,0.025,0.0,92.8,0.9306415797717188,17.303810996425035,0.0661437827766147,0.0,45.033320996790806,765
179,2022/6/29,24.700000000000003,10.75,0.0625,0.0,86.6,0.9565563234854496,9.168560410446124,0.1316956719106592,0.0,42.33331282807902,765
180,2022/6/30,21.1125,17.25,1.175,0.0,92.6,1.5759421785078287,10.161200716450788,0.954921462739214,0.0,44.915023934091366,765
181,2022/7/1,19.2,12.5,0.075,0.0,98.0,1.2175795661885918,6.164414002968976,0.1299038105676658,0.0,47.46248518567059,765
182,2022/7/2,23.15,0.0,3.2375000000000003,0.0,88.0,1.263922465976454,0.0,2.1897131661475666,0.0,42.658527869583125,765
183,2022/7/3,25.1625,0.0,13.9,0.0,77.0,1.2589057748695884,0.0,0.2598076211353313,0.0,37.401328519184986,765
184,2022/7/4,24.3,4.5,6.7875,0.0,82.4,1.1368817000902072,6.619101147436863,1.0993606096272508,0.0,40.11234224026316,765
185,2022/7/5,23.125,13.9375,3.6125,0.0,89.4,0.9443913383762056,14.368884568747848,1.2262111359794443,0.0,43.45813358854704,765
186,2022/7/6,21.125,0.4375,4.825,0.0,89.2,2.356772156997786,0.5266343608235224,6.283062549426036,0.0,43.71713050967549,765
187,2022/7/7,19.937500000000004,1.75,4.725,0.0,89.4,2.0820287582067643,2.165063509461097,6.175708461383196,0.0,43.87891720405143,765
188,2022/7/8,21.1,0.4375,6.5375000000000005,0.0,86.2,1.6977926846349645,0.5266343608235224,4.851787685997812,0.0,42.29195402201227,765
189,2022/7/9,19.5125,12.0,3.5375,0.0,88.4,2.0883231909836177,11.096170510586074,4.645680117054983,0.0,43.45040275992847,765
190,2022/7/10,21.2875,12.75,2.7999999999999994,0.0,90.4,1.41901153976985,10.383279828647591,1.217579566188592,0.0,44.08230937689177,765
191,2022/7/11,23.0375,0.125,9.575,0.0,87.0,1.546720320549259,0.3307189138830738,2.443230443490749,0.0,42.32002333411455,765
192,2022/7/12,22.599999999999994,2.6875,0.525,0.0,91.8,1.437010786319991,4.485654216499529,0.5695392874947258,0.0,44.58121100867494,765
193,2022/7/13,21.2375,4.8125,1.0875,0.0,91.6,1.229773861325732,7.821994231012958,0.9075206609218326,0.0,44.66472321642663,765
194,2022/7/14,20.9625,0.0,4.1375,0.0,85.2,1.4602546866899624,0.0,4.182086052438424,0.0,41.83524232032127,765
195,2022/7/15,21.5375,1.625,0.35,0.0,86.4,1.4421663392272055,1.243734296383275,0.4555216789572149,0.0,42.3408785926792,765
196,2022/7/16,19.9,16.625,0.2125,0.0,91.8,1.5354152532784084,11.101097918674531,0.3139964171770117,0.0,44.74912708645834,765
197,2022/7/17,19.4,6.9375,0.6625000000000001,0.0,95.6,0.8124038404635961,4.958814752539159,1.0355403179017224,0.0,46.370114297896656,765
198,2022/7/18,22.5125,0.0625,7.625000000000001,0.0,88.4,0.8738385148298281,0.1653594569415369,2.2498611068241523,0.0,42.92653608200876,765
199,2022/7/19,21.637500000000003,9.125,0.0875,0.0,95.6,0.833572882236461,4.036938815488786,0.1363589014329464,0.0,46.32156625158523,765
200,2022/7/20,20.9375,12.625,0.6250000000000001,0.0,94.8,1.1894720467501538,7.372881051529314,0.3992179855667828,0.0,45.94766044098437,765
201,2022/7/21,22.5375,4.1875,2.8125,0.0,92.2,0.6243746871871084,5.8786557774715815,1.4128318194321643,0.0,44.72677469927828,765
202,2022/7/22,20.65,8.0,0.0,0.0,97.4,0.6363961030678931,4.190763653560053,0.0,0.0,47.18166354633969,765
203,2022/7/23,20.35,0.875,0.0875,0.0,95.6,1.0665364503850776,0.414578098794425,0.1165922381636102,0.0,46.36202648720179,765
204,2022/7/24,22.112500000000004,0.1875,2.1625,0.0,87.4,0.5532573994082682,0.3479852726768763,1.3161853023035928,0.0,42.47922286247714,765
205,2022/7/25,22.2,0.0,6.675000000000001,0.0,88.4,0.7106335201775947,0.0,1.8726652130052504,0.0,43.03704799356015,765
206,2022/7/26,23.65,0.0,8.6875,0.0,88.0,1.1357816691600546,0.0,1.0982229964811336,0.0,42.81646879414509,765
207,2022/7/27,23.3,0.0,3.7375,0.0,91.8,1.2041594578792294,0.0,2.496966910073099,0.0,44.66244927229137,765
208,2022/7/28,24.0,0.0,10.874999999999998,0.0,86.2,0.7314369419163897,0.0,0.9148087231765992,0.0,41.97748652551746,765
209,2022/7/29,23.9875,0.0,12.5375,0.0,86.8,0.949259579883184,0.0,1.3294148148715663,0.0,42.14780539956974,765
210,2022/7/30,24.875,0.0,11.224999999999998,0.0,85.2,0.7241374178980118,0.0,1.8342232688525133,0.0,41.32115075841911,765
211,2022/7/31,26.9125,0.0,10.175,0.0,78.6,0.6827105902210684,0.0,1.3141061600951425,0.0,38.34200535965744,765
212,2022/8/1,23.625000000000004,37.9375,0.0,0.0,96.2,1.2038999127834502,22.22250759365378,0.0,0.0,46.60052977166676,765
213,2022/8/2,25.625,12.0625,3.2124999999999995,0.0,91.6,0.6495190528383297,3.9086242784386425,2.782731347076106,0.0,44.56666355023674,765
214,2022/8/3,21.225,103.5,1.1375,0.0,93.8,1.257726122810526,29.717419134238423,1.3322326185768008,0.0,45.52180109573873,765
215,2022/8/4,20.9125,0.0625,4.825,0.0,85.0,1.3195051155641646,0.1653594569415369,5.312426470079374,0.0,41.657644856616656,765
216,2022/8/5,21.15,0.0,7.037500000000001,0.0,82.6,1.3009611831257688,0.0,3.999980468702317,0.0,40.4905467362445,765
217,2022/8/6,21.8125,0.0,9.8875,0.0,82.6,1.0300940491042554,0.0,1.4119467943233557,0.0,40.22728396250485,765
218,2022/8/7,22.8625,1.25,3.0,0.0,90.0,1.127982158546845,2.179449471770337,1.840516231930596,0.0,43.697110888478655,765
219,2022/8/8,27.7625,0.0,4.775,0.0,80.6,0.7841197293781098,0.0,2.181026134643966,0.0,39.61356301823909,765
220,2022/8/9,24.525,74.3125,0.025,0.0,94.6,0.9807522622966512,57.39497882001525,0.0661437827766147,0.0,46.05007464706219,765
221,2022/8/10,22.7625,37.4375,0.0,0.0,96.8,0.5194648688795036,6.93918898359167,0.0,0.0,46.9041575982343,765
222,2022/8/11,24.275,26.375,0.0999999999999999,0.0,94.8,0.6417748826496715,21.858565254837742,0.0866025403784438,0.0,46.007472219195,765
223,2022/8/12,24.925,37.1875,1.1625,0.0,92.8,0.7137051211810103,15.99401743621658,0.8816709987291178,0.0,45.069390943299865,765
224,2022/8/13,24.675,4.4375,5.2875000000000005,0.0,91.6,0.4493050188902853,8.129566024702672,2.1403489785546657,0.0,44.51895663647117,765
225,2022/8/14,23.887500000000003,0.0,5.199999999999999,0.0,86.6,0.3887077951366559,0.0,0.5196152422706632,0.0,42.17356251255044,765
226,2022/8/15,22.725,35.4375,0.5375,0.0,89.0,0.5494315243958978,10.935714139917886,0.5699506557588999,0.0,43.3472533731954,765
227,2022/8/16,25.7875,8.3125,1.3125,0.0,85.6,0.6679025003696274,4.1226318960101205,1.3623853162743642,0.0,41.865857210858586,765
228,2022/8/17,23.375,0.0,9.75,0.0,81.8,0.6219927652312371,0.0,0.7762087348130013,0.0,39.99511688944039,765
229,2022/8/18,19.8125,55.0,0.0,0.0,96.4,0.6293597937587054,15.44142156668226,0.0,0.0,46.72994222123541,765
230,2022/8/19,22.5125,0.125,12.15,0.0,79.2,0.5797359312652619,0.2165063509461096,0.8789197915623473,0.0,38.60699418499192,765
231,2022/8/20,22.7125,2.5,0.075,0.0,88.8,0.8894345113610108,2.277608394786075,0.082915619758885,0.0,43.384905209070126,765
232,2022/8/21,23.0375,0.25,12.4875,0.0,76.2,0.651800391224184,0.6614378277661477,0.4166458328124742,0.0,37.09763301074612,765
233,2022/8/22,23.0375,0.0,10.9875,0.0,82.0,0.9784394462612394,0.0,0.5158427570490834,0.0,40.21426985536353,765
234,2022/8/23,25.725,1.4375,1.625,0.0,83.13181818181818,0.9627434756984856,1.6665364532466729,0.9243240773668076,0.0,40.78102814923349,765
235,2022/8/24,21.8375,0.0,9.4875,0.0,74.66363636363636,0.7034513131695757,0.0,0.9675193796508677,0.0,37.406584318293085,765
236,2022/8/25,20.825,0.5,8.100000000000001,0.0,81.59545454545454,0.6417748826496721,0.8660254037844386,1.019803902718557,0.0,40.02172775954316,765
237,2022/8/26,21.5625,0.0625,1.1749999999999998,0.0,83.12727272727273,0.6183395103015816,0.1653594569415369,1.2567318727556804,0.0,40.72988526523256,765
238,2022/8/27,22.725,5.0,0.2875,0.0,87.6590909090909,0.6378675411086533,5.226136240091718,0.5109733358992424,0.0,42.66138678845731,765
239,2022/8/28,20.1625,4.125,2.65,0.0,81.99090909090908,0.7696387139431071,1.7809758560968758,0.6442049363362563,0.0,40.18307110281807,765
240,2022/8/29,19.475,0.0,6.699999999999999,0.0,78.52272727272728,0.8212033852828424,0.0,1.1715374513859984,0.0,38.7246433591437,765
241,2022/8/30,20.35,7.0,0.4375,0.0,86.25454545454545,0.482182538049648,2.5617376914898995,0.2912795049432761,0.0,41.9841813973228,765
242,2022/8/31,20.1625,28.625,0.0,0.0,96.58636363636364,0.6594268344554982,10.3523849909091,0.0,0.0,46.804323353666,765
243,2022/9/1,21.7625,19.5625,0.0,0.0,94.51818181818184,0.3079671248688732,11.907029173979543,0.0,0.0,45.79802010352514,765
244,2022/9/2,20.6375,0.0,1.4125,0.0,82.05,0.4688749833377768,0.0,1.262376231556979,0.0,40.09197190133581,765
245,2022/9/3,18.8125,0.0,0.2125,0.0,85.98181818181817,0.5732309743899046,0.0,0.3887077951366554,0.0,41.78843896579946,765
246,2022/9/4,21.0875,2.375,4.65,0.0,86.91363636363636,1.0647035972513657,3.3048260166005714,3.682729965664059,0.0,42.26969447438864,765
247,2022/9/5,23.15,0.0,8.7875,0.0,85.24545454545455,0.8760707733967619,0.0,1.4546799476173444,0.0,41.411974986257256,765
248,2022/9/6,25.825,0.0,11.0125,0.0,77.37727272727273,1.282331860323216,0.0,0.6273705045664804,0.0,37.99957936217141,765
249,2022/9/7,23.4875,0.0,10.675,0.0,71.10909090909091,0.590418283930977,0.0,1.3188536689109978,0.0,35.55293566646968,765
250,2022/9/8,20.025,0.0,8.412500000000001,0.0,77.64090909090909,0.6456585785072477,0.0,2.192280490721933,0.0,38.08843666969848,765
251,2022/9/9,20.7375,0.0,10.65,0.0,77.77272727272728,0.5655473012931806,0.0,0.9937303457175892,0.0,38.232940191029336,765
252,2022/9/10,19.7875,0.0,7.9125,0.0,79.70454545454545,0.9047617089598784,0.0,3.563157834000621,0.0,39.05263129471311,765
253,2022/9/11,20.3875,0.0,6.999999999999999,0.0,82.63636363636364,0.5967359131140002,0.0,3.463379852109785,0.0,40.28681873056934,765
254,2022/9/12,22.0,0.0,9.475,0.0,83.36818181818182,0.4213074886588183,0.0,2.2359282188836027,0.0,40.53166636716882,765
255,2022/9/13,23.125,0.0,6.5875,0.0,81.9,0.5606915373001451,0.0,0.8358192089202066,0.0,39.88415843101118,765
256,2022/9/14,19.1625,0.0,10.1375,0.0,77.23181818181817,1.0415583276994138,0.0,1.3028214574530157,0.0,37.81006188352311,765
257,2022/9/15,18.4125,0.0,8.05,0.0,81.96363636363637,0.7473912964438365,0.0,0.9407443861113388,0.0,39.83314890974746,765
258,2022/9/16,20.525,0.0,4.65,0.0,84.89545454545456,0.6869315832017048,0.0,1.6469669092000605,0.0,41.16212298941044,765
259,2022/9/17,23.0125,0.0,10.562500000000002,0.0,82.02727272727273,0.7440388094716571,0.0,0.5194648688795035,0.0,39.89331354564104,765
260,2022/9/18,23.3875,0.5,4.0375,0.0,86.1590909090909,0.6641488914392613,0.8660254037844386,1.197849635805763,0.0,41.7320953985146,765
261,2022/9/19,23.925,1.5,1.0125,0.0,91.0909090909091,1.2487493743742175,1.3919410907075054,0.8388049534903809,0.0,44.20032697796112,765
262,2022/9/20,16.275000000000002,48.375,1.8875000000000004,0.0,79.02272727272728,0.5092887196865837,9.140397967265978,1.1117975310280197,0.0,38.44909736938105,765
263,2022/9/21,13.8875,0.0,5.275,0.0,76.95454545454545,1.033728083201767,0.0,0.4493050188902856,0.0,37.60783694305116,765
264,2022/9/22,15.9625,0.0,8.325000000000001,0.0,77.88636363636364,0.8845019785167242,0.0,2.6446880723442603,0.0,38.07095382970613,765
265,2022/9/23,19.825,11.1875,0.025,0.0,92.81818181818184,0.4683748498798796,5.326452266753171,0.0661437827766147,0.0,45.029545798672125,765
266,2022/9/24,19.987500000000004,15.75,1.625,0.0,85.35,0.575407464324196,4.828301978956992,1.936975735521744,0.0,41.35081194411423,765
267,2022/9/25,18.425,0.0,9.425,0.0,78.08181818181818,0.6796138609534094,0.0,0.921615429558338,0.0,38.052798367330496,765
268,2022/9/26,17.825,0.0,5.95,0.0,81.41363636363636,0.5606915373001448,0.0,1.8090052515125543,0.0,39.572194847507134,765
269,2022/9/27,17.75,0.0,4.749999999999999,0.0,81.94545454545455,0.4873397172404475,0.0,0.9178779875342912,0.0,39.81615648387926,765
270,2022/9/28,17.700000000000003,0.0,3.875,0.0,82.07727272727273,0.9273618495495703,0.0,2.686889465534449,0.0,39.96202910687002,765
271,2022/9/29,18.887500000000003,0.0,10.6625,0.0,78.00909090909092,0.660373947093614,0.0,0.8731229867550159,0.0,37.91569144562165,765
272,2022/9/30,18.925,0.0,11.0375,0.0,80.74090909090908,0.6722164829874375,0.0,0.0856956825050127,0.0,39.17539090117435,765
273,2022/10/1,19.1,0.0,10.0375,0.0,79.67272727272727,0.5000000000000001,0.0,0.6101997623729463,0.0,38.73390761559636,765
274,2022/10/2,18.5625,0.0,7.8375,0.0,81.20454545454545,0.8802520945729128,0.0,1.8061959334468671,0.0,39.43826158630596,765
275,2022/10/3,19.6625,0.0,2.025,0.0,79.93636363636364,0.6203577596838777,0.0,1.202861172371941,0.0,38.76282404100993,765
276,2022/10/4,19.975,10.9375,0.0125,0.0,82.46818181818182,0.5379358697837497,8.854509797272799,0.0330718913883073,0.0,39.98371381631449,765
277,2022/10/5,12.0125,0.0625,0.5375,0.0,70.6,0.5464373248598597,0.1653594569415369,0.3461845606031557,0.0,34.55950484309635,765
278,2022/10/6,10.025,0.375,0.7375000000000002,0.0,78.8,0.9807522622966516,0.5448623679425842,0.429934588047996,0.0,38.45045513384724,765
279,2022/10/7,10.1375,11.1875,0.2125,0.0,83.6,0.6122448448129226,5.030764728150184,0.2315032397181516,0.0,40.625576918980485,765
280,2022/10/8,11.95,2.5,2.6250000000000004,0.0,83.2,0.5700877125495691,2.0155644370746373,1.7661752461180062,0.0,40.428950023467095,765
281,2022/10/9,13.15,0.3125,6.525,0.0,76.2,0.6670832032063168,0.4284784125250652,0.9807522622966516,0.0,37.1144766230106,765
282,2022/10/10,16.025,29.375,0.125,0.0,95.0,0.6814506585219507,7.944140922717824,0.2222048604328897,0.0,46.081280092896726,765
283,2022/10/11,15.925,3.625,5.6375,0.0,75.2,0.3230711995830018,1.6153559979150107,1.4343443624178958,0.0,36.43144246389374,765
284,2022/10/12,13.825,0.0,3.8375,0.0,70.2,0.617960354715414,0.0,1.216488286010186,0.0,34.12271054591062,765
285,2022/10/13,11.312500000000002,0.0,8.2625,0.0,82.2,0.8992184106211348,0.0,2.0808276598507622,0.0,39.98730267222334,765
286,2022/10/14,12.974999999999998,0.0,9.875,0.0,84.0,0.5425633603552673,0.0,0.764444242571033,0.0,40.79828427765069,765
287,2022/10/15,14.937499999999998,0.1875,3.5,0.0,88.8,0.524255424387769,0.4960783708246107,1.772004514666935,0.0,43.17117093616989,765
288,2022/10/16,15.45,0.0,7.250000000000001,0.0,84.4,0.4500000000000004,0.0,1.023474474522936,0.0,40.89238926744193,765
289,2022/10/17,15.5375,0.8125,1.5625,0.0,79.0,0.6223694642252297,1.7842628029525247,0.5566361019553079,0.0,38.314284216203234,765
290,2022/10/18,9.9875,1.5625,5.15,0.0,72.2,0.813076718397471,2.1569292408421745,1.759971590679804,0.0,35.14767951088663,765
291,2022/10/19,9.275000000000002,2.5625,4.725,0.0,76.6,1.0697546447667337,2.8878787630369804,1.8355857375780624,0.0,37.16664331090447,765
292,2022/10/20,12.6,0.0,7.887499999999999,0.0,64.6,1.1313708498984762,0.0,1.1373626290677918,0.0,31.523552702701515,765
293,2022/10/21,15.525,0.0,4.7375,0.0,72.2,0.9038113741262616,0.0,0.97971615787431,0.0,35.14767951088663,765
294,2022/10/22,15.9875,0.1875,2.875,0.0,75.2,1.424287102377888,0.3479852726768763,2.513836709096277,0.0,36.86800781165155,765
295,2022/10/23,11.0875,0.5,0.525,0.0,82.8,0.7959860237466484,0.7905694150420949,0.5092887196865841,0.0,40.15516778697357,765
296,2022/10/24,8.15,0.9375,6.925000000000001,0.0,78.2,1.0920164833920776,1.1021995055342748,1.622305458290762,0.0,38.07045278165207,765
297,2022/10/25,7.225,6.875,4.775,0.0,84.2,1.080219885023415,7.561208567418307,1.767590167431353,0.0,41.07900163100364,765
298,2022/10/26,7.487500000000001,0.0625,5.5625,0.0,79.4,0.63331962704467,0.1653594569415369,2.44179109466801,0.0,38.62297729331596,765
299,2022/10/27,8.3375,0.0,8.1125,0.0,76.0,0.9512327528002807,0.0,0.656577299333445,0.0,36.86800781165155,765
300,2022/10/28,10.675,0.125,6.812500000000001,0.0,77.2,0.896869555732605,0.2165063509461096,0.9439776215567824,0.0,37.485830656396026,765
301,2022/10/29,10.9125,1.875,4.5,0.0,81.4,0.6293597937587052,3.672107705392096,1.9836834424877368,0.0,39.514040226228445,765
302,2022/10/30,11.2375,1.625,4.0125,0.0,85.8,1.4203322674642016,1.595893166850463,1.1162856937182344,0.0,41.71012317171936,765
303,2022/10/31,10.65,0.375,4.825,0.0,83.4,0.8587782018658834,0.81967981553775,2.8375825979167546,0.0,40.50443648540244,765
304,2022/11/1,11.325,0.0,6.525,0.0,79.2,0.7013380069552768,0.0,0.5562148865321749,0.0,38.39270764090493,765
305,2022/11/2,11.6125,0.25,7.837499999999999,0.0,80.2,0.5325352101035198,0.5,0.9860749210886564,0.0,38.95329735721997,765
306,2022/11/3,8.2875,17.0625,0.075,0.0,91.6,0.7304750166843494,8.882699125265923,0.1984313483298443,0.0,44.46557657334491,765
307,2022/11/4,6.1625000000000005,3.375,3.0625,0.0,83.8,0.4794202227691274,3.237958461747154,1.2989779636314085,0.0,40.65076106298626,765
308,2022/11/5,6.637500000000001,0.125,2.5625000000000004,0.0,74.2,1.0999289749797485,0.2165063509461096,1.1246527241775572,0.0,36.13840581708053,765
309,2022/11/6,7.5,4.125,3.7125,0.0,76.8,0.9447221813845592,4.553501400021746,0.8535770322589519,0.0,37.24580513292739,765
310,2022/11/7,8.037500000000001,0.0,5.95,0.0,77.8,0.6725650526157303,0.0,0.6442049363362563,0.0,37.72909189206653,765
311,2022/11/8,8.9375,3.375,1.85,0.0,89.2,0.6890890726168859,1.595893166850463,0.8321658488546619,0.0,43.260114424259214,765
312,2022/11/9,10.175,0.125,8.225,0.0,69.6,0.9038113741262608,0.3307189138830738,0.9188987974744556,0.0,33.904277016329374,765
313,2022/11/10,12.525,1.125,4.2375,0.0,73.8,0.8940777371123834,1.948557158514987,0.5893587617063142,0.0,35.99804682201522,765
314,2022/11/11,7.037500000000001,0.0,9.4,0.0,76.2,0.7565340375687009,0.0,0.1118033988749894,0.0,37.016676984840224,765
315,2022/11/12,8.6375,0.0,9.1375,0.0,72.8,0.554385921538417,0.0,0.2175861898191154,0.0,35.31288716601915,765
316,2022/11/13,13.7375,6.25,0.2875,0.0,72.6,1.0582267006648436,5.202163011671203,0.375624480032918,0.0,35.28079328756654,765
317,2022/11/14,7.4625,0.5,5.4,0.0,70.2,0.8915401000515905,0.7071067811865476,1.764227876437735,0.0,34.23973386286757,765
318,2022/11/15,7.2875,7.25,4.725,0.0,83.0,0.5372092236736077,3.6742346141747673,1.415759513476777,0.0,40.33434485646197,765
319,2022/11/16,5.7,4.3125,3.1,0.0,83.4,0.6480740698407861,3.249398982888989,1.4560219778561037,0.0,40.402467437026665,765
320,2022/11/17,4.975,1.3125,4.775,0.0,73.6,1.0709224995301947,1.0588171466310885,1.5449514555480377,0.0,35.78058132562969,765
321,2022/11/18,5.3625,4.625,3.8,0.0,79.8,0.5977823600609172,2.2603926650031405,1.4798648586948742,0.0,38.71833383553584,765
322,2022/11/19,7.0375000000000005,1.3125,3.7125,0.0,80.0,0.7777170115151141,1.579903082470567,0.954512310030625,0.0,38.771768079364136,765
323,2022/11/20,7.512499999999999,0.0,7.574999999999999,0.0,81.2,1.0433569619262624,0.0,1.0437312872574056,0.0,39.37242055043098,765
324,2022/11/21,10.9125,0.25,2.9125,0.0,82.0,0.7166545541612079,0.5,0.478114787472632,0.0,39.73270063813936,765
325,2022/11/22,7.75,1.25,7.3375,0.0,65.6,0.640312423743285,1.3228756555322954,1.5968230177449223,0.0,31.81980515339464,765
326,2022/11/23,5.025,2.8125,1.8875,0.0,80.2,1.0133484099755623,1.6571341979453564,0.5599944196150529,0.0,38.93082808007043,765
327,2022/11/24,8.412500000000001,11.75,2.525,0.0,86.4,0.541842920042331,5.984354601792912,0.5695392874947259,0.0,41.91956583744636,765
328,2022/11/25,7.800000000000001,0.0,7.575,0.0,73.4,0.8746427842267952,0.0,1.0059199769365357,0.0,35.69817047132808,765
329,2022/11/26,10.8125,10.1875,2.8375000000000004,0.0,73.8,0.6972042383692171,5.744222641054227,1.8847662321890213,0.0,35.78210970582925,765
330,2022/11/27,5.2375,0.8125,0.8875,0.0,75.4,0.5721396245672905,0.8637671850678283,0.9700998659931874,0.0,36.68254864373521,765
331,2022/11/28,6.9875,0.0,5.9,0.0,73.8,1.067049085094027,0.0,1.3601470508735445,0.0,35.86585249230806,765
332,2022/11/29,12.025,10.625,1.4625,0.0,84.0,0.9010410645470052,6.382348705609871,0.7680128579652817,0.0,40.79522030826651,765
333,2022/11/30,4.9,5.0625,0.1625,1.1428571428571428,85.2,0.8587782018658834,4.096015594452736,0.1932453104217538,1.4142135623730951,41.45102531904368,765
334,2022/12/1,-0.2875,7.8125,0.1999999999999999,9.0,85.2,0.4675401052316261,7.097259594378664,0.2783882181415011,10.117281008255134,41.73951964266,765
335,2022/12/2,-1.25,2.875,2.5250000000000004,1.5714285714285714,84.6,0.5612486080160911,2.8476964374736293,1.1945187315400292,2.341874249399399,41.11093984573936,765
336,2022/12/3,1.675,10.9375,2.3625000000000003,0.0,85.8,0.7917543811056558,4.895390050853966,0.7140334375923861,0.0,41.79395141644303,765
337,2022/12/4,0.975,12.5625,0.4999999999999999,3.7142857142857135,89.0,0.5494315243958978,6.497295110274736,0.9069178573608526,6.53356717268599,43.23464322739347,765
338,2022/12/5,-0.45,2.9375,1.6375000000000002,3.4285714285714284,80.4,0.4472135954999579,4.26788516129476,1.249937498437422,5.172040216394301,39.31523241696531,765
339,2022/12/6,-0.7375,1.3125,0.65,1.5714285714285714,90.6,0.6303520841561484,1.539835624344365,0.8,1.79843682124227,43.8974301639629,765
340,2022/12/7,1.55,2.25,2.6125000000000003,1.5714285714285714,88.2,0.8746427842267951,2.39791576165636,1.9387093000241165,2.057759704144291,42.78562112439178,765
341,2022/12/8,1.075,6.0,1.95,1.7142857142857142,90.6,0.5517019122678478,4.782781617427248,1.3200378782444084,2.345207879911715,43.99129885556916,765
342,2022/12/9,1.55,2.125,3.3000000000000003,2.142857142857143,83.0,0.6324555320336759,2.161452058223823,1.9196353820452468,2.315032397181517,40.290934153975634,765
343,2022/12/10,2.95,1.125,5.8875,0.0,79.4,0.6082762530298219,2.011684617428885,1.895677649285342,0.0,38.50953615664567,765
344,2022/12/11,2.35,0.625,0.8875000000000001,0.0,76.6,0.5291502622129182,1.192424001771182,0.7507288125548399,0.0,37.12962934099935,765
345,2022/12/12,0.95,1.0,1.2875,0.7142857142857143,80.4,0.6264982043070834,1.75,1.1362630637312825,0.9921567416492216,39.06644980030819,765
346,2022/12/13,4.1125,8.4375,2.0625,0.2857142857142857,82.8,0.6253748875674495,5.234724801744596,1.7606373135884632,0.6614378277661477,40.28259549731124,765
347,2022/12/14,-1.3,9.5,0.3375,10.0,87.6,0.4301162633521314,6.923691212063114,0.4240798863421843,8.166241485530538,42.43450836288786,765
348,2022/12/15,-2.2750000000000004,8.3125,0.7000000000000001,7.571428571428571,84.4,0.4763139720814413,7.097259594378664,0.8660254037844386,7.482270711488592,41.16658232110117,765
349,2022/12/16,-2.25,5.875,2.3,6.142857142857143,82.0,0.5024937810560446,3.7728470681966426,3.036856927812043,3.8709656418005056,39.88969165085136,765
350,2022/12/17,-0.6625000000000001,1.5625,1.7,2.142857142857143,78.0,0.4299345880479959,1.589762167747113,0.758287544405155,1.8328597873268972,38.05177394025146,765
351,2022/12/18,-2.375,6.4375,0.0,7.0,85.6,0.4789311015167004,3.770257782963918,0.0,2.934173648576376,41.51505750929415,765
352,2022/12/19,-4.125,6.0,2.825,8.0,86.4,0.7241374178980118,5.825590098865522,2.242626808008858,9.069178573608529,42.00892762258994,765
353,2022/12/20,-1.5875000000000004,3.625,2.0625,3.4285714285714284,83.0,0.3887077951366553,3.149900792088538,1.7846130532975488,3.5,40.60614947270918,765
354,2022/12/21,0.9875,0.25,3.4375,0.5714285714285714,77.4,0.4910129835350589,0.4330127018922193,1.7992620014883878,1.0,38.04253376156746,765
355,2022/12/22,3.975,24.25,0.0,0.0,92.4,1.6551057368035431,12.47747971346778,0.0,0.0,44.81838350498599,765
356,2022/12/23,2.875,0.875,5.0875,0.0,70.0,0.5868347297152752,0.8926785535678563,1.8353729185100232,0.0,33.98804937033015,765
357,2022/12/24,2.7500000000000004,0.875,1.1125,0.8571428571428571,78.6,0.916515138991168,1.1110243021644486,0.6469882147303767,1.0897247358851685,38.15900123168844,765
358,2022/12/25,1.8625,4.0,4.8,1.7142857142857142,88.4,1.4873949542740823,9.330728803260762,3.1815876539866066,2.549509756796392,43.47053599853584,765
359,2022/12/26,2.9625000000000004,2.0,3.95,0.4285714285714285,86.6,1.2429174349086909,3.881043674065006,1.9665960439297132,0.6959705453537527,42.26238723735327,765
360,2022/12/27,2.1875,0.4375,5.512499999999999,0.2857142857142857,87.2,1.010491835691907,0.8454843286542927,2.1519976184931062,0.4330127018922193,42.623350407963,765
361,2022/12/28,1.7625000000000002,2.5,0.5125,0.8571428571428571,91.2,0.5588772226527039,2.4748737341529163,0.4960783708246107,1.0897247358851685,44.2803568187972,765
362,2022/12/29,-0.5125000000000001,6.75,3.4125,7.285714285714286,84.2,0.4728570079844434,4.956056900399752,3.48117706386791,5.935855035291883,41.0150505912159,765
363,2022/12/30,-0.2875,2.5625,1.225,4.142857142857143,82.2,0.4648588495446762,2.3642850399222173,1.3727253913292343,4.328322423295196,40.47510809127012,765
364,2022/12/31,1.525,0.0625,1.5125,0.0,71.0,0.5562148865321748,0.1653594569415369,1.7236860938117473,0.0,34.662434637515005,765
